{
    "formatVersion": 1,
    "libraries": [
        {
            "downloads": {
                "artifact": {
                    "sha1": "cbac1b8d30cb4795149c1ef540f912671a8616d0",
                    "size": 128801,
                    "url": "https://libraries.minecraft.net/org/lwjgl/lwjgl-glfw/3.3.1/lwjgl-glfw-3.3.1.jar"
                }
            },
            "name": "org.lwjgl:lwjgl-glfw:3.3.1"
        },
        {
            "downloads": {
                "artifact": {
                    "sha1": "cbac1b8d30cb4795149c1ef540f912671a8616d0",
                    "size": 128801,
                    "url": "https://libraries.minecraft.net/org/lwjgl/lwjgl-glfw/3.3.1/lwjgl-glfw-3.3.1.jar"
                },
                "classifiers": {
                    "natives-linux": {
                        "sha1": "81716978214ecbda15050ca394b06ef61501a49e",
                        "size": 119817,
                        "url": "https://libraries.minecraft.net/org/lwjgl/lwjgl-glfw/3.3.1/lwjgl-glfw-3.3.1-natives-linux.jar"
                    },
                    "natives-macos": {
                        "sha1": "9ec4ce1fc8c85fdef03ef4ff2aace6f5775fb280",
                        "size": 131655,
                        "url": "https://libraries.minecraft.net/org/lwjgl/lwjgl-glfw/3.3.1/lwjgl-glfw-3.3.1-natives-macos.jar"
                    },
                    "natives-windows": {
                        "sha1": "ed892f945cf7e79c8756796f32d00fa4ceaf573b",
                        "size": 145512,
                        "url": "https://libraries.minecraft.net/org/lwjgl/lwjgl-glfw/3.3.1/lwjgl-glfw-3.3.1-natives-windows.jar"
                    }
                }
            },
            "name": "org.lwjgl:lwjgl-glfw:3.3.1",
            "natives": {
                "linux": "natives-linux",
                "osx": "natives-macos",
                "windows": "natives-windows"
            }
        },
        {
            "downloads": {
                "artifact": {
                    "sha1": "a817bcf213db49f710603677457567c37d53e103",
                    "size": 36601,
                    "url": "https://libraries.minecraft.net/org/lwjgl/lwjgl-jemalloc/3.3.1/lwjgl-jemalloc-3.3.1.jar"
                }
            },
            "name": "org.lwjgl:lwjgl-jemalloc:3.3.1"
        },
        {
            "downloads": {
                "artifact": {
                    "sha1": "a817bcf213db49f710603677457567c37d53e103",
                    "size": 36601,
                    "url": "https://libraries.minecraft.net/org/lwjgl/lwjgl-jemalloc/3.3.1/lwjgl-jemalloc-3.3.1.jar"
                },
                "classifiers": {
                    "natives-linux": {
                        "sha1": "33dbb017b6ed6b25f993ad9d56741a49e7937718",
                        "size": 166524,
                        "url": "https://libraries.minecraft.net/org/lwjgl/lwjgl-jemalloc/3.3.1/lwjgl-jemalloc-3.3.1-natives-linux.jar"
                    },
                    "natives-macos": {
                        "sha1": "56424dc8db3cfb8e7b594aa6d59a4f4387b7f544",
                        "size": 117480,
                        "url": "https://libraries.minecraft.net/org/lwjgl/lwjgl-jemalloc/3.3.1/lwjgl-jemalloc-3.3.1-natives-macos.jar"
                    },
                    "natives-windows": {
                        "sha1": "948a89b76a16aa324b046ae9308891216ffce5f9",
                        "size": 135585,
                        "url": "https://libraries.minecraft.net/org/lwjgl/lwjgl-jemalloc/3.3.1/lwjgl-jemalloc-3.3.1-natives-windows.jar"
                    }
                }
            },
            "name": "org.lwjgl:lwjgl-jemalloc:3.3.1",
            "natives": {
                "linux": "natives-linux",
                "osx": "natives-macos",
                "windows": "natives-windows"
            }
        },
        {
            "downloads": {
                "artifact": {
                    "sha1": "2623a6b8ae1dfcd880738656a9f0243d2e6840bd",
                    "size": 88237,
                    "url": "https://libraries.minecraft.net/org/lwjgl/lwjgl-openal/3.3.1/lwjgl-openal-3.3.1.jar"
                }
            },
            "name": "org.lwjgl:lwjgl-openal:3.3.1"
        },
        {
            "downloads": {
                "artifact": {
                    "sha1": "2623a6b8ae1dfcd880738656a9f0243d2e6840bd",
                    "size": 88237,
                    "url": "https://libraries.minecraft.net/org/lwjgl/lwjgl-openal/3.3.1/lwjgl-openal-3.3.1.jar"
                },
                "classifiers": {
                    "natives-linux": {
                        "sha1": "f906b6439f6daa66001182ea7727e3467a93681b",
                        "size": 476825,
                        "url": "https://libraries.minecraft.net/org/lwjgl/lwjgl-openal/3.3.1/lwjgl-openal-3.3.1-natives-linux.jar"
                    },
                    "natives-macos": {
                        "sha1": "3a57b8911835fb58b5e558d0ca0d28157e263d45",
                        "size": 397196,
                        "url": "https://libraries.minecraft.net/org/lwjgl/lwjgl-openal/3.3.1/lwjgl-openal-3.3.1-natives-macos.jar"
                    },
                    "natives-windows": {
                        "sha1": "30a474d0e57193d7bc128849a3ab66bc9316fdb1",
                        "size": 576872,
                        "url": "https://libraries.minecraft.net/org/lwjgl/lwjgl-openal/3.3.1/lwjgl-openal-3.3.1-natives-windows.jar"
                    }
                }
            },
            "name": "org.lwjgl:lwjgl-openal:3.3.1",
            "natives": {
                "linux": "natives-linux",
                "osx": "natives-macos",
                "windows": "natives-windows"
            }
        },
        {
            "downloads": {
                "artifact": {
                    "sha1": "831a5533a21a5f4f81bbc51bb13e9899319b5411",
                    "size": 921563,
                    "url": "https://libraries.minecraft.net/org/lwjgl/lwjgl-opengl/3.3.1/lwjgl-opengl-3.3.1.jar"
                }
            },
            "name": "org.lwjgl:lwjgl-opengl:3.3.1"
        },
        {
            "downloads": {
                "artifact": {
                    "sha1": "831a5533a21a5f4f81bbc51bb13e9899319b5411",
                    "size": 921563,
                    "url": "https://libraries.minecraft.net/org/lwjgl/lwjgl-opengl/3.3.1/lwjgl-opengl-3.3.1.jar"
                },
                "classifiers": {
                    "natives-linux": {
                        "sha1": "ab9ab6fde3743e3550fa5d46d785ecb45b047d99",
                        "size": 79125,
                        "url": "https://libraries.minecraft.net/org/lwjgl/lwjgl-opengl/3.3.1/lwjgl-opengl-3.3.1-natives-linux.jar"
                    },
                    "natives-macos": {
                        "sha1": "a0d12697ea019a7362eff26475b0531340e876a6",
                        "size": 40709,
                        "url": "https://libraries.minecraft.net/org/lwjgl/lwjgl-opengl/3.3.1/lwjgl-opengl-3.3.1-natives-macos.jar"
                    },
                    "natives-windows": {
                        "sha1": "c1807e9bd571402787d7e37e3029776ae2513bb8",
                        "size": 100205,
                        "url": "https://libraries.minecraft.net/org/lwjgl/lwjgl-opengl/3.3.1/lwjgl-opengl-3.3.1-natives-windows.jar"
                    }
                }
            },
            "name": "org.lwjgl:lwjgl-opengl:3.3.1",
            "natives": {
                "linux": "natives-linux",
                "osx": "natives-macos",
                "windows": "natives-windows"
            }
        },
        {
            "downloads": {
                "artifact": {
                    "sha1": "b119297cf8ed01f247abe8685857f8e7fcf5980f",
                    "size": 112380,
                    "url": "https://libraries.minecraft.net/org/lwjgl/lwjgl-stb/3.3.1/lwjgl-stb-3.3.1.jar"
                }
            },
            "name": "org.lwjgl:lwjgl-stb:3.3.1"
        },
        {
            "downloads": {
                "artifact": {
                    "sha1": "b119297cf8ed01f247abe8685857f8e7fcf5980f",
                    "size": 112380,
                    "url": "https://libraries.minecraft.net/org/lwjgl/lwjgl-stb/3.3.1/lwjgl-stb-3.3.1.jar"
                },
                "classifiers": {
                    "natives-linux": {
                        "sha1": "3ee7aec8686e52867677110415566a5342a80230",
                        "size": 227237,
                        "url": "https://libraries.minecraft.net/org/lwjgl/lwjgl-stb/3.3.1/lwjgl-stb-3.3.1-natives-linux.jar"
                    },
                    "natives-macos": {
                        "sha1": "def8879b8d38a47a4cc1d48b1f9a7b772e51258e",
                        "size": 203582,
                        "url": "https://libraries.minecraft.net/org/lwjgl/lwjgl-stb/3.3.1/lwjgl-stb-3.3.1-natives-macos.jar"
                    },
                    "natives-windows": {
                        "sha1": "86315914ac119efdb02dc9e8e978ade84f1702af",
                        "size": 256301,
                        "url": "https://libraries.minecraft.net/org/lwjgl/lwjgl-stb/3.3.1/lwjgl-stb-3.3.1-natives-windows.jar"
                    }
                }
            },
            "name": "org.lwjgl:lwjgl-stb:3.3.1",
            "natives": {
                "linux": "natives-linux",
                "osx": "natives-macos",
                "windows": "natives-windows"
            }
        },
        {
            "downloads": {
                "artifact": {
                    "sha1": "0ff1914111ef2e3e0110ef2dabc8d8cdaad82347",
                    "size": 6767,
                    "url": "https://libraries.minecraft.net/org/lwjgl/lwjgl-tinyfd/3.3.1/lwjgl-tinyfd-3.3.1.jar"
                }
            },
            "name": "org.lwjgl:lwjgl-tinyfd:3.3.1"
        },
        {
            "downloads": {
                "artifact": {
                    "sha1": "0ff1914111ef2e3e0110ef2dabc8d8cdaad82347",
                    "size": 6767,
                    "url": "https://libraries.minecraft.net/org/lwjgl/lwjgl-tinyfd/3.3.1/lwjgl-tinyfd-3.3.1.jar"
                },
                "classifiers": {
                    "natives-linux": {
                        "sha1": "a35110b9471bea8cde826ab297550ee8c22f5035",
                        "size": 45389,
                        "url": "https://libraries.minecraft.net/org/lwjgl/lwjgl-tinyfd/3.3.1/lwjgl-tinyfd-3.3.1-natives-linux.jar"
                    },
                    "natives-macos": {
                        "sha1": "78641a0fa5e9afa714adfdd152c357930c97a1ce",
                        "size": 44821,
                        "url": "https://libraries.minecraft.net/org/lwjgl/lwjgl-tinyfd/3.3.1/lwjgl-tinyfd-3.3.1-natives-macos.jar"
                    },
                    "natives-windows": {
                        "sha1": "a5d830475ec0958d9fdba1559efa99aef211e6ff",
                        "size": 127930,
                        "url": "https://libraries.minecraft.net/org/lwjgl/lwjgl-tinyfd/3.3.1/lwjgl-tinyfd-3.3.1-natives-windows.jar"
                    }
                }
            },
            "name": "org.lwjgl:lwjgl-tinyfd:3.3.1",
            "natives": {
                "linux": "natives-linux",
                "osx": "natives-macos",
                "windows": "natives-windows"
            }
        },
        {
            "downloads": {
                "artifact": {
                    "sha1": "ae58664f88e18a9bb2c77b063833ca7aaec484cb",
                    "size": 724243,
                    "url": "https://libraries.minecraft.net/org/lwjgl/lwjgl/3.3.1/lwjgl-3.3.1.jar"
                }
            },
            "name": "org.lwjgl:lwjgl:3.3.1"
        },
        {
            "downloads": {
                "artifact": {
                    "sha1": "ae58664f88e18a9bb2c77b063833ca7aaec484cb",
                    "size": 724243,
                    "url": "https://libraries.minecraft.net/org/lwjgl/lwjgl/3.3.1/lwjgl-3.3.1.jar"
                },
                "classifiers": {
                    "natives-linux": {
                        "sha1": "1de885aba434f934201b99f2f1afb142036ac189",
                        "size": 110704,
                        "url": "https://libraries.minecraft.net/org/lwjgl/lwjgl/3.3.1/lwjgl-3.3.1-natives-linux.jar"
                    },
                    "natives-macos": {
                        "sha1": "fc6bb723dec2cd031557dccb2a95f0ab80acb9db",
                        "size": 55706,
                        "url": "https://libraries.minecraft.net/org/lwjgl/lwjgl/3.3.1/lwjgl-3.3.1-natives-macos.jar"
                    },
                    "natives-windows": {
                        "sha1": "0036c37f16ab611b3aa11f3bcf80b1d509b4ce6b",
                        "size": 159361,
                        "url": "https://libraries.minecraft.net/org/lwjgl/lwjgl/3.3.1/lwjgl-3.3.1-natives-windows.jar"
                    }
                }
            },
            "name": "org.lwjgl:lwjgl:3.3.1",
            "natives": {
                "linux": "natives-linux",
                "osx": "natives-macos",
                "windows": "natives-windows"
            }
        }
    ],
    "name": "LWJGL 3",
    "releaseTime": "2022-05-04T14:41:35+00:00",
    "type": "release",
    "uid": "org.lwjgl3",
    "version": "3.3.1",
    "volatile": true
}
